{
    "DA_model_metric": [
        {
            "fde": 1.6067603826522827,
            "ade": 0.9252328276634216,
            "loss": 6.883846759796143,
            "mr": 0.1818181872367859
        },
        {
            "fde": 1.6241763830184937,
            "ade": 0.9512841105461121,
            "loss": 6.963742733001709,
            "mr": 0.1818181872367859
        },
        {
            "fde": 1.6564981937408447,
            "ade": 0.9313728213310242,
            "loss": 7.017895221710205,
            "mr": 0.22727273404598236
        }
    ],
    "original_model_metric": {
        "fde": 1.6018335819244385,
        "ade": 0.8821343183517456,
        "loss": 6.801599979400635,
        "mr": 0.22727273404598236
    }
}