{
    "DA_model_metric": [
        {
            "fde": 1.5622957944869995,
            "ade": 0.8812847137451172,
            "loss": 6.813319206237793,
            "mr": 0.22727273404598236
        },
        {
            "fde": 1.5413920879364014,
            "ade": 0.9154919385910034,
            "loss": 6.670491695404053,
            "mr": 0.22727273404598236
        },
        {
            "fde": 1.584212303161621,
            "ade": 0.9280345439910889,
            "loss": 6.588671684265137,
            "mr": 0.22727273404598236
        }
    ],
    "original_model_metric": {
        "fde": 1.6018335819244385,
        "ade": 0.8821343183517456,
        "loss": 6.801599979400635,
        "mr": 0.22727273404598236
    }
}