{
    "DA_model_metric": [
        {
            "fde": 1.6457536220550537,
            "ade": 0.9538812041282654,
            "loss": 6.902628421783447,
            "mr": 0.1818181872367859
        },
        {
            "fde": 1.5867758989334106,
            "ade": 0.9157557487487793,
            "loss": 6.815030574798584,
            "mr": 0.1818181872367859
        },
        {
            "fde": 1.646223783493042,
            "ade": 1.003995418548584,
            "loss": 6.787351131439209,
            "mr": 0.22727273404598236
        }
    ],
    "original_model_metric": {
        "fde": 1.6018335819244385,
        "ade": 0.8821343183517456,
        "loss": 6.801599979400635,
        "mr": 0.22727273404598236
    }
}