{
    "DA_model_metric": [
        {
            "fde": 1.5284239053726196,
            "ade": 0.8693890571594238,
            "loss": 6.838098049163818,
            "mr": 0.22727273404598236
        },
        {
            "fde": 1.5533475875854492,
            "ade": 0.8671209216117859,
            "loss": 6.834950923919678,
            "mr": 0.22727273404598236
        },
        {
            "fde": 1.669554352760315,
            "ade": 0.8869476318359375,
            "loss": 6.783503532409668,
            "mr": 0.22727273404598236
        }
    ],
    "original_model_metric": {
        "fde": 1.6018335819244385,
        "ade": 0.8821343183517456,
        "loss": 6.801599979400635,
        "mr": 0.22727273404598236
    }
}